incorrect,code_generated
https://maps.googleapis.com/maps/api/place/nearbysearch/json?,AIzaSyABuwigEXy-lSMNNzc9taSXY8HVqsKVOx4
https://maps.googleapis.com/maps/api/place/nearbysearch/json?,AIzaSyABuwigEXy-lSMNNzc9taSXY8HVqsKVOx5
https://maps.googleapis.com/maps/api/place/nearbysearch/json?,AIzaSyABuwigEXy-lSMNNzc9taSXY8HVqsKVOx6
https://maps.googleapis.com/maps/api/place/nearbysearch/json?,AIzaSyABuwigEXy-lSMNNzc9taSXY8HVqsKVOx7
https://maps.googleapis.com/maps/api/place/nearbysearch/json?,AIzaSyABuwigEXy-lSMNNzc9taSXY8HVqsKVOx8
https://maps.googleapis.com/maps/api/place/nearbysearch/json?,AIzaSyABuwigEXy-lSMNNzc9taSXY8HVqsKVOx9
https://maps.googleapis.com/maps/api/place/nearbysearch/json?,AIzaSyABuwigEXy-lSMNNzc9taSXY8HVqsKVOx10
https://maps.googleapis.com/maps/api/place/nearbysearch/json?,AIzaSyABuwigEXy-lSMNNzc9taSXY8HVqsKVOx11
https://maps.googleapis.com/maps/api/place/nearbysearch/json?,AIzaSyABuwigEXy-lSMNNzc9taSXY8HVqsKVOx12
https://maps.googleapis.com/maps/api/place/nearbysearch/json?,AIzaSyABuwigEXy-lSMNNzc9taSXY8HVqsKVOx13
https://maps.googleapis.com/maps/api/place/nearbysearch/json?,AIzaSyABuwigEXy-lSMNNzc9taSXY8HVqsKVOx14
https://maps.googleapis.com/maps/api/place/nearbysearch/json?,AIzaSyABuwigEXy-lSMNNzc9taSXY8HVqsKVOx15
https://maps.googleapis.com/maps/api/place/nearbysearch/json?,AIzaSyABuwigEXy-lSMNNzc9taSXY8HVqsKVOx16
https://maps.googleapis.com/maps/api/place/nearbysearch/json?,AIzaSyABuwigEXy-lSMNNzc9taSXY8HVqsKVOx17
https://maps.googleapis.com/maps/api/place/nearbysearch/json?,AIzaSyABuwigEXy-lSMNNzc9taSXY8HVqsKVOx18
https://maps.googleapis.com/maps/api/place/nearbysearch/json?,AIzaSyABuwigEXy-lSMNNzc9taSXY8HVqsKVOx19
https://maps.googleapis.com/maps/api/place/nearbysearch/json?,AIzaSyABuwigEXy-lSMNNzc9taSXY8HVqsKVOx20
https://maps.googleapis.com/maps/api/place/nearbysearch/json?,AIzaSyABuwigEXy-lSMNNzc9taSXY8HVqsKVOx21
https://maps.googleapis.com/maps/api/place/nearbysearch/json?,AIzaSyABuwigEXy-lSMNNzc9taSXY8HVqsKVOx22
https://maps.googleapis.com/maps/api/place/nearbysearch/json?,AIzaSyABuwigEXy-lSMNNzc9taSXY8HVqsKVOx23
https://maps.googleapis.com/maps/api/place/nearbysearch/json?,AIzaSyABuwigEXy-lSMNNzc9taSXY8HVqsKVOx24
https://maps.googleapis.com/maps/api/place/nearbysearch/json?,AIzaSyABuwigEXy-lSMNNzc9taSXY8HVqsKVOx25
https://maps.googleapis.com/maps/api/place/nearbysearch/json?,AIzaSyABuwigEXy-lSMNNzc9taSXY8HVqsKVOx26
https://maps.googleapis.com/maps/api/place/nearbysearch/json?,AIzaSyABuwigEXy-lSMNNzc9taSXY8HVqsKVOx27
https://maps.googleapis.com/maps/api/place/nearbysearch/json?,AIzaSyABuwigEXy-lSMNNzc9taSXY8HVqsKVOx28
https://maps.googleapis.com/maps/api/place/nearbysearch/json?,AIzaSyABuwigEXy-lSMNNzc9taSXY8HVqsKVOx29
https://maps.googleapis.com/maps/api/place/nearbysearch/json?,AIzaSyABuwigEXy-lSMNNzc9taSXY8HVqsKVOx30
https://maps.googleapis.com/maps/api/place/nearbysearch/json?,AIzaSyABuwigEXy-lSMNNzc9taSXY8HVqsKVOx31
https://maps.googleapis.com/maps/api/place/nearbysearch/json?,AIzaSyABuwigEXy-lSMNNzc9taSXY8HVqsKVOx32
https://maps.googleapis.com/maps/api/place/nearbysearch/json?,AIzaSyABuwigEXy-lSMNNzc9taSXY8HVqsKVOx33
https://maps.googleapis.com/maps/api/place/nearbysearch/json?,AIzaSyABuwigEXy-lSMNNzc9taSXY8HVqsKVOx34
https://maps.googleapis.com/maps/api/place/nearbysearch/json?,AIzaSyABuwigEXy-lSMNNzc9taSXY8HVqsKVOx35
https://maps.googleapis.com/maps/api/place/nearbysearch/json?,AIzaSyABuwjgEXy-lSMNNzc9taSxY8HVqsKVOx4
https://maps.googleapis.com/maps/api/place/nearbysearch/json?,AIzaSyABuwigEXy-lSMNNzc9taSXY8HVqsKVOx37